<!-- Os comentarios devem ter espacos no inicio e no fim, a -->
<!-- separar dos hifens -->
<!-- Nao devem ser usados caracteres especiais (p.ex. acentos) -->
<!-- Todas as tags e atributos sao obrigatorios, exceto onde for -->
<!-- referido o contrario -->

<!-- Na descricao abaixo, os simbolos utilizados tem o seguinte significado: -->
    <!-- ii: integer value -->
    <!-- ff: float value -->
    <!-- ss: string value -->
    <!-- cc: character "x" or "y" or "z" -->
    <!-- tt: "0" or "1" with Boolean significance -->


<dsx>


    <!-- deve definir-se um objeto para raiz do grafo , assim -->
    <!-- como o comprimento dos tres eixos (cilindros) -->
    <scene root="root" axis_length="3" />


    <views default="ss" >

        <!-- declaracao obrigatoria de pelo menos uma vista; -->
        <!-- se varias vistas declaradas, o default e' a -->
        <!-- primeira vista; de cada vez que se pressione a tecla v/V, -->
        <!-- a vista muda para a proxima da lista; da -->
        <!-- ultima vista da lista volta 'a primeira -->
        <perspective id="view1" near="0.1" far="500" angle="22">
            <from x="15" y="20" z="35" />
            <to x="5" y="5" z="5" />
        </perspective>

    </views>


    <illumination doublesided="1" local="1" >

        <ambient r="0.5" g="0.5" b="0.5" a="1" />
        <background r="0" g="0" b="0" a="1" />

    </illumination>


    <lights>

        <!-- Deve existir um ou mais blocos "omni" ou "spot" -->
        <!-- Os identificadores "id" nao podem ser repetidos -->
        <omni id="l1" enabled="1" >
            <location x="2" y="5" z="3" w="1" />
            <ambient r="0.7" g="0.7" b="0.7" a="1" />
            <diffuse r="1" g="1" b="1" a="1" />
            <specular r="1" g="1" b="1" a="1" />
        </omni>

        <omni id="l2" enabled="1" >
            <location x="5" y="5" z="3" w="1" />
            <ambient r="0.7" g="0.7" b="0.7" a="1" />
            <diffuse r="1" g="1" b="1" a="1" />
            <specular r="1" g="1" b="1" a="1" />
        </omni>

        <omni id="l3" enabled="1" >
            <location x="3.5" y="5" z="5" w="1" />
            <ambient r="0.7" g="0.7" b="0.7" a="1" />
            <diffuse r="1" g="1" b="1" a="1" />
            <specular r="1" g="1" b="1" a="1" />
        </omni>

        <omni id="l4" enabled="1" >
            <location x="3.5" y="5" z="1" w="1" />
            <ambient r="0.7" g="0.7" b="0.7" a="1" />
            <diffuse r="1" g="1" b="1" a="1" />
            <specular r="1" g="1" b="1" a="1" />
        </omni>

        <spot id="l5" enabled="0" angle="0" exponent="1">
            <!-- atencao, "target" e' diferente de "direction" -->
            <target x="0" y="0" z="0" />
            <location x="3.5" y="5" z="3" w="1" />
            <ambient r="0.7" g="0.7" b="0.7" a="1" />
            <diffuse r="1" g="1" b="1" a="1" />
            <specular r="1" g="1" b="1" a="1" />
        </spot>
    </lights>


    <textures>

        <!-- Deve existir um ou mais blocos "texture" -->
        <!-- Os identificadores "id" nao podem ser repetidos -->
        <!-- length_s e length_t sao fatores de escala de textura:-->
        <!-- Exemplo length_s=3.0: uma ocorrencia da textura, em -->
        <!-- comprimento, deve cobrir um comprimento igual -->
        <!-- a 3 unidades;  -->
        <!-- Exemplo length_t=0.4, uma ocorrencia da textura, em -->
        <!-- largura, deve cobrir uma largura igual a 0.4 unidades.  -->
        <!-- Transf. Geometr. do tipo escalamento sobre os -->
        <!-- objetos respetivos podem a violar esta regra.         -->
        <!-- Nao necessario aplicar fatores de escala em  -->
        <!-- quadricas (esfera, ciclindro...) -->
        <texture id="grass" file="./resources/images/floor.png" length_s="1" length_t="1" />
        <texture id="poolTop" file="./resources/images/wood.jpg" length_s="1" length_t="1" />
        <texture id="poolEdge" file="./resources/images/marmore.jpg" length_s="1" length_t="1" />
        <texture id="ball" file="./resources/images/buoy.jpg" length_s="1" length_t="1" />
        <texture id="wood" file="./resources/images/towel.jpg" length_s="1" length_t="1" />
        <texture id="towel" file="./resources/images/sand.jpg" length_s="1" length_t="1" />
        <texture id="buoy" file="./resources/images/ball.png" length_s="1" length_t="1" />

    </textures>


    <materials>

        <!-- Deve existir um ou mais blocos "material" -->
        <!-- Os identificadores "id" nao podem ser repetidos -->
        <material id="grassMaterial" >
            <emission r="0.2" g="0.2" b="0.2" a="0.2" />
            <ambient r="0.3" g="0.3" b="0.3" a="1.0" />
            <diffuse r="0.5" g="0.5" b="0.5" a="1.0" />
            <specular r="0.8" g="0.8" b="0.8" a="1.0" />
            <shininess value="100" />
        </material>

        <material id="poolTopMaterial" >
            <emission r="0.2" g="0.2" b="0.2" a="0.2" />
            <ambient r="0.3" g="0.3" b="0.3" a="1.0" />
            <diffuse r="0.5" g="0.5" b="0.5" a="1.0" />
            <specular r="0.8" g="0.8" b="0.8" a="1.0" />
            <shininess value="100" />
        </material>

        <material id="poolEdgeMaterial" >
            <emission r="0.2" g="0.2" b="0.2" a="0.2" />
            <ambient r="0.3" g="0.3" b="0.3" a="1.0" />
            <diffuse r="0.5" g="0.5" b="0.5" a="1.0" />
            <specular r="0.8" g="0.8" b="0.8" a="1.0" />
            <shininess value="100" />
        </material>

        <material id="ballMaterial" >
            <emission r="0.2" g="0.2" b="0.2" a="0.2" />
            <ambient r="0.3" g="0.3" b="0.3" a="1.0" />
            <diffuse r="0.5" g="0.5" b="0.5" a="1.0" />
            <specular r="0.8" g="0.8" b="0.8" a="1.0" />
            <shininess value="100" />
        </material>

        <material id="tableMaterial" >
            <emission r="0.2" g="0.2" b="0.2" a="0.2" />
            <ambient r="0.3" g="0.3" b="0.3" a="1.0" />
            <diffuse r="0.5" g="0.5" b="0.5" a="1.0" />
            <specular r="0.8" g="0.8" b="0.8" a="1.0" />
            <shininess value="100" />
        </material>

        <material id="tableTowelMaterial" >
            <emission r="0.2" g="0.2" b="0.2" a="0.2" />
            <ambient r="0.3" g="0.3" b="0.3" a="1.0" />
            <diffuse r="0.5" g="0.5" b="0.5" a="1.0" />
            <specular r="0.8" g="0.8" b="0.8" a="1.0" />
            <shininess value="100" />
        </material>

        <material id="buoyMaterial" >
            <emission r="0.2" g="0.2" b="0.2" a="0.2" />
            <ambient r="0.3" g="0.3" b="0.3" a="1.0" />
            <diffuse r="0.5" g="0.5" b="0.5" a="1.0" />
            <specular r="0.8" g="0.8" b="0.8" a="1.0" />
            <shininess value="100" />
        </material>

    </materials>


    <transformations>

        <!-- Deve existir um ou mais blocos "transformation" -->
        <!-- Os identificadores "id" nao podem ser repetidos -->
        <transformation id="1">
            <scale x="5" y="0" z="3" />
            <translate x="1" y="0" z="1" />
            <rotate axis="x" angle="-90" />
        </transformation>

        <transformation id="2">
            <scale x="2.5" y="0" z="1.5" />
            <translate x="1.4" y="0.15" z="1.7" />
            <rotate axis="x" angle="-90" />
        </transformation>

        <transformation id="3">
            <scale x="0.5" y="0" z="0.2" />
            <translate x="3" y="0.15" z="4.3" />
            <rotate axis="x" angle="-90" />
        </transformation>

        <transformation id="4">
            <scale x="0.5" y="0" z="0.2" />
            <translate x="5" y="0.15" z="4.3" />
            <rotate axis="x" angle="-90" />
        </transformation>

        <transformation id="5">
            <scale x="0.5" y="0" z="0.2" />
            <translate x="7" y="0.15" z="4.3" />
            <rotate axis="x" angle="-90" />
        </transformation>

        <transformation id="6">
            <scale x="0.5" y="0" z="0.2" />
            <translate x="9" y="0.15" z="4.3" />
            <rotate axis="x" angle="-90" />
        </transformation>

        <transformation id="7">
            <scale x="0.5" y="0" z="0.2" />
            <translate x="11" y="0.15" z="4.3" />
            <rotate axis="x" angle="-90" />
        </transformation>

        <transformation id="8">
            <scale x="0.5" y="0" z="0.2" />
            <translate x="3" y="0.15" z="21.2" />
            <rotate axis="x" angle="-90" />
        </transformation>

        <transformation id="9">
            <scale x="0.5" y="0" z="0.2" />
            <translate x="5" y="0.15" z="21.2" />
            <rotate axis="x" angle="-90" />
        </transformation>

        <transformation id="10">
            <scale x="0.5" y="0" z="0.2" />
            <translate x="7" y="0.15" z="21.2" />
            <rotate axis="x" angle="-90" />
        </transformation>

        <transformation id="11">
            <scale x="0.5" y="0" z="0.2" />
            <translate x="9" y="0.15" z="21.2" />
            <rotate axis="x" angle="-90" />
        </transformation>

        <transformation id="12">
            <scale x="0.5" y="0" z="0.2" />
            <translate x="11" y="0.15" z="21.2" />
            <rotate axis="x" angle="-90" />
        </transformation>

        <transformation id="13">
            <scale x="0.5" y="0" z="0.2" />
            <translate x="4.2" y="0.15" z="2.3" />
            <rotate axis="x" angle="-90" />
        </transformation>

         <transformation id="14">
            <scale x="0.5" y="0" z="0.2" />
            <translate x="4.2" y="0.15" z="4.3" />
            <rotate axis="x" angle="-90" />
        </transformation>

         <transformation id="15">
            <scale x="0.5" y="0" z="0.2" />
            <translate x="4.2" y="0.15" z="6.3" />
            <rotate axis="x" angle="-90" />
        </transformation>

         <transformation id="16">
            <scale x="0.5" y="0" z="0.2" />
            <translate x="4.2" y="0.15" z="7.9" />
            <rotate axis="x" angle="-90" />
        </transformation>

        <transformation id="17">
            <scale x="0.5" y="0" z="0.2" />
            <translate x="31" y="0.15" z="2.3" />
            <rotate axis="x" angle="-90" />
        </transformation>

         <transformation id="18">
            <scale x="0.5" y="0" z="0.2" />
            <translate x="31" y="0.15" z="4.3" />
            <rotate axis="x" angle="-90" />
        </transformation>

         <transformation id="19">
            <scale x="0.5" y="0" z="0.2" />
            <translate x="31" y="0.15" z="6.3" />
            <rotate axis="x" angle="-90" />
        </transformation>

         <transformation id="20">
            <scale x="0.5" y="0" z="0.2" />
            <translate x="31" y="0.15" z="7.9" />
            <rotate axis="x" angle="-90" />
        </transformation>

         <transformation id="21">
            <scale x="0.7" y="0.7" z="0.7" />
            <translate x="2.5" y="0.35" z="3" />
        </transformation>

        <transformation id="22">
            <translate x="5" y="0.05" z="3.5" />
            <scale x="0.15" y="0.15" z="0.15" />
            <rotate axis="x" angle="-90" />
        </transformation>

        <transformation id="23">
            <translate x="8.5" y="0.05" z="2" />
            <scale x="0.05" y="0.7" z="0.05" />
            <rotate axis="x" angle="-90" />
        </transformation>

    </transformations>


    <primitives>

        <primitive id="rectangle">

            <rectangle x1="-1" y1="-1" x2="1" y2="1" />

        </primitive>

        <primitive id="ball">

            <sphere radius="0.5" slices="40" stacks="40" />

        </primitive>

        <primitive id="table">

            <cylinder base="4" top="12" height="1" slices="40" stacks="40" />

        </primitive>

        <primitive id="buoy">

           <torus inner="1" outer="2" slices="40" loops="40" />

        </primitive>

    </primitives>


    <components>

        <component id="root">

            <transformation>
            </transformation>

            <materials>
                <material id="null"/>
            </materials>


            <texture id="null"/>

            <children>
                <componentref id="grass" />
                <componentref id="pool" />
                <componentref id="poolSide1"/>
                <componentref id="poolSide2"/>
                <componentref id="poolSide3"/>
                <componentref id="poolSide4"/>
                <componentref id="poolSide5"/>
                <componentref id="poolSide6"/>
                <componentref id="poolSide7"/>
                <componentref id="poolSide8"/>
                <componentref id="poolSide9"/>
                <componentref id="poolSide10"/>
                <componentref id="poolSide11"/>
                <componentref id="poolSide12"/>
                <componentref id="poolSide13"/>
                <componentref id="poolSide14"/>
                <componentref id="poolSide15"/>
                <componentref id="poolSide16"/>
                <componentref id="poolSide17"/>
                <componentref id="poolSide18"/>
                <componentref id="ball" />
                <componentref id="buoy" />
                <componentref id="table"/>
            </children>

        </component>

        <component id="grass">

            <transformation>
                <transformationref id="1" />
            </transformation>

            <materials>
                <material id="grassMaterial" />
            </materials>

            <texture id="grass" />

            <children>
                <primitiveref id="rectangle" />
            </children>

        </component>

        <component id="pool">

            <transformation>
                <transformationref id="2" />
            </transformation>

            <materials>
                <material id="poolTopMaterial" />
            </materials>

            <texture id="poolTop" />

            <children>
                <primitiveref id="rectangle" />
            </children>

        </component>

        <component id="poolSide1">

            <transformation>
                <transformationref id="3" />
            </transformation>

            <materials>
                <material id="poolEdgeMaterial" />
            </materials>

            <texture id="poolEdge" />

            <children>
                <primitiveref id="rectangle" />
            </children>

        </component>

        <component id="poolSide2">

            <transformation>
                <transformationref id="4" />
            </transformation>

            <materials>
                <material id="poolEdgeMaterial" />
            </materials>

            <texture id="poolEdge" />

            <children>
                <primitiveref id="rectangle" />
            </children>

        </component>

        <component id="poolSide3">

            <transformation>
                <transformationref id="5" />
            </transformation>

            <materials>
                <material id="poolEdgeMaterial" />
            </materials>

            <texture id="poolEdge" />

            <children>
                <primitiveref id="rectangle" />
            </children>

        </component>

        <component id="poolSide4">

            <transformation>
                <transformationref id="6" />
            </transformation>

            <materials>
                <material id="poolEdgeMaterial" />
            </materials>

            <texture id="poolEdge" />

            <children>
                <primitiveref id="rectangle" />
            </children>

        </component>

        <component id="poolSide5">

            <transformation>
                <transformationref id="7" />
            </transformation>

            <materials>
                <material id="poolEdgeMaterial" />
            </materials>

            <texture id="poolEdge" />

            <children>
                <primitiveref id="rectangle" />
            </children>

        </component>

        <component id="poolSide6">

            <transformation>
                <transformationref id="8" />
            </transformation>

            <materials>
                <material id="poolEdgeMaterial" />
            </materials>

            <texture id="poolEdge" />

            <children>
                <primitiveref id="rectangle" />
            </children>

        </component>

        <component id="poolSide7">

            <transformation>
                <transformationref id="9" />
            </transformation>

            <materials>
                <material id="poolEdgeMaterial" />
            </materials>

            <texture id="poolEdge" />

            <children>
                <primitiveref id="rectangle" />
            </children>

        </component>

        <component id="poolSide8">

            <transformation>
                <transformationref id="10" />
            </transformation>

            <materials>
                <material id="poolEdgeMaterial" />
            </materials>

            <texture id="poolEdge" />

            <children>
                <primitiveref id="rectangle" />
            </children>

        </component>

        <component id="poolSide9">

            <transformation>
                <transformationref id="11" />
            </transformation>

            <materials>
                <material id="poolEdgeMaterial" />
            </materials>

            <texture id="poolEdge" />

            <children>
                <primitiveref id="rectangle" />
            </children>

        </component>

        <component id="poolSide10">

            <transformation>
                <transformationref id="12" />
            </transformation>

            <materials>
                <material id="poolEdgeMaterial" />
            </materials>

            <texture id="poolEdge" />

            <children>
                <primitiveref id="rectangle" />
            </children>

        </component>

        <component id="poolSide11">

            <transformation>
                <transformationref id="13" />
            </transformation>

            <materials>
                <material id="poolEdgeMaterial" />
            </materials>

            <texture id="poolEdge" />

            <children>
                <primitiveref id="rectangle" />
            </children>

        </component>

        <component id="poolSide12">

            <transformation>
                <transformationref id="14" />
            </transformation>

            <materials>
                <material id="poolEdgeMaterial" />
            </materials>

            <texture id="poolEdge" />

            <children>
                <primitiveref id="rectangle" />
            </children>

        </component>

        <component id="poolSide13">

            <transformation>
                <transformationref id="15" />
            </transformation>

            <materials>
                <material id="poolEdgeMaterial" />
            </materials>

            <texture id="poolEdge" />

            <children>
                <primitiveref id="rectangle" />
            </children>

        </component>

        <component id="poolSide14">

            <transformation>
                <transformationref id="16" />
            </transformation>

            <materials>
                <material id="poolEdgeMaterial" />
            </materials>

            <texture id="poolEdge" />

            <children>
                <primitiveref id="rectangle" />
            </children>

        </component>

         <component id="poolSide15">

            <transformation>
                <transformationref id="17" />
            </transformation>

            <materials>
                <material id="poolEdgeMaterial" />
            </materials>

            <texture id="poolEdge" />

            <children>
                <primitiveref id="rectangle" />
            </children>

        </component>

         <component id="poolSide16">

            <transformation>
                <transformationref id="18" />
            </transformation>

            <materials>
                <material id="poolEdgeMaterial" />
            </materials>

            <texture id="poolEdge" />

            <children>
                <primitiveref id="rectangle" />
            </children>

        </component>

         <component id="poolSide17">

            <transformation>
                <transformationref id="19" />
            </transformation>

            <materials>
                <material id="poolEdgeMaterial" />
            </materials>

            <texture id="poolEdge" />

            <children>
                <primitiveref id="rectangle" />
            </children>

        </component>

        <component id="poolSide18">

            <transformation>
                <transformationref id="20" />
            </transformation>

            <materials>
                <material id="poolEdgeMaterial" />
            </materials>

            <texture id="poolEdge" />

            <children>
                <primitiveref id="rectangle" />
            </children>

        </component>

         <component id="ball">

            <transformation>
                <transformationref id="21" />
            </transformation>

            <materials>
                <material id="ballMaterial" />
            </materials>

            <texture id="ball" />

            <children>
                <primitiveref id="ball" />
            </children>

        </component>

        <component id="buoy">

            <transformation>
                <transformationref id="22" />
            </transformation>

            <materials>
                <material id="buoyMaterial" />
            </materials>

            <texture id="buoy" />

            <children>
                <primitiveref id="buoy" />
            </children>

        </component>

        <component id="table">

            <transformation>
                <transformationref id="23" />
            </transformation>

            <materials>
                <material id="tableMaterial" />
            </materials>

            <texture id="table" />

            <children>
                <primitiveref id="table" />
            </children>
        </component>

    </components>

</dsx>
